Workbook

Sheet Guía
A1: Pruebas comparativas de métodos estadísticos — Auditor de cantidades
A3: Objetivo
A4: Comparar cómo reaccionan tres métodos de generación de rangos cuando el mismo tipo de paramétrico presenta una muestra homogénea, un valor atípico o una distribución asimétrica.
A7: Pasos de uso
A8: 1 | B8: Abra Datos_Prueba. | C8: Revise o sustituya las áreas y cantidades de las 20 obras. Solo modifique las celdas azules.
A9: 2 | B9: Revise el paramétrico. | C9: El paramétrico se calcula como Cantidad / Área construida en m³/m².
A10: 3 | B10: Consulte Percentiles. | C10: Se muestra paso a paso el cálculo inclusivo de P10, P25, P50, P75 y P90.
A11: 4 | B11: Consulte Cálculos. | C11: Compare media, mediana, varianza, desviación estándar, coeficiente de variación, MAD e intervalo de confianza.
A12: 5 | B12: Consulte Rangos_Métodos. | C12: Compare los rangos esperado y preventivo de los tres métodos.
A13: 6 | B13: Consulte Comparación. | C13: Revise la variación de los centros y de la amplitud de los rangos entre escenarios.
A14: 7 | B14: Use Evaluación. | C14: Ingrese el área y la cantidad de una obra nueva para ver cómo la clasifica cada método.
A17: Qué se compara realmente
A18: Aclaración | B18: La varianza es una propiedad de la muestra. Para comparar métodos, el archivo mide además: a) la variación del valor central entre escenarios, b) la variación del ancho de cada rango y c) el porcentaje de datos cubiertos por cada método.
A21: Métodos incluidos
A22: Media + desviación estándar | B22: Esperado: media ± 1s; preventivo: media ± 2s. | E22: Adecuado para muestras homogéneas y aproximadamente simétricas.
A23: Mediana + MAD ajustado | B23: Esperado: mediana ± 1MADa; preventivo: mediana ± 2MADa. | E23: Robusto ante valores extremos; útil con muestras pequeñas o irregulares.
A24: Mediana + percentiles | B24: Esperado: P25–P75; preventivo: P10–P90. | E24: Describe la distribución observada sin suponer normalidad.
A27: Convención de colores
A28: Azul | B28: Dato que el usuario puede modificar.
A29: Negro | B29: Fórmula o valor calculado.
A30: Verde | B30: Valor vinculado desde otra hoja.
A31: Morado | B31: Control o supuesto del modelo.
A32: Naranja | B32: Revisión o advertencia.

Sheet Datos_Prueba
A1: Datos de prueba — Concreto estructural normalizado por área construida
A2: Los tres escenarios parten de obras comparables del mismo uso y sistema constructivo. Edite únicamente Área y Cantidad (celdas azules). El parámetro y la desviación absoluta se recalculan automáticamente.
A5: Escenario: Homogéneo — Valores concentrados y sin extremos importantes. | F5: Escenario: Con atípico — Misma base, pero una obra presenta un valor extremo. | K5: Escenario: Asimétrico — Cola superior: varias obras presentan parámetros crecientes.
A7: Obra | B7: Área construida (m²) | C7: Cantidad concreto (m³) | D7: Parámetro (m³/m²) | E7: |Parámetro - Mediana| | F7: Obra | G7: Área construida (m²) | H7: Cantidad concreto (m³) | I7: Parámetro (m³/m²) | J7: |Parámetro - Mediana| | K7: Obra | L7: Área construida (m²) | M7: Cantidad concreto (m³) | N7: Parámetro (m³/m²) | O7: |Parámetro - Mediana|
A8: Obra 01 | B8: 4200 | C8: 621.6 | D8: =IF(B8=0,"",C8/B8) -> 0.148 | E8: =IF(D8="","",ABS(D8-Cálculos!$C$8)) -> 0.0145 | F8: Obra 01 | G8: 4200 | H8: 621.6 | I8: =IF(G8=0,"",H8/G8) -> 0.148 | J8: =IF(I8="","",ABS(I8-Cálculos!$D$8)) -> 0.0145 | K8: Obra 01 | L8: 4200 | M8: 621.6 | N8: =IF(L8=0,"",M8/L8) -> 0.148 | O8: =IF(N8="","",ABS(N8-Cálculos!$E$8)) -> 0.0145
A9: Obra 02 | B9: 4800 | C9: 724.8 | D9: =IF(B9=0,"",C9/B9) -> 0.151 | E9: =IF(D9="","",ABS(D9-Cálculos!$C$8)) -> 0.0115 | F9: Obra 02 | G9: 4800 | H9: 724.8 | I9: =IF(G9=0,"",H9/G9) -> 0.151 | J9: =IF(I9="","",ABS(I9-Cálculos!$D$8)) -> 0.0115 | K9: Obra 02 | L9: 4800 | M9: 724.8 | N9: =IF(L9=0,"",M9/L9) -> 0.151 | O9: =IF(N9="","",ABS(N9-Cálculos!$E$8)) -> 0.0115
A10: Obra 03 | B10: 5100 | C10: 780.3 | D10: =IF(B10=0,"",C10/B10) -> 0.153 | E10: =IF(D10="","",ABS(D10-Cálculos!$C$8)) -> 0.0095 | F10: Obra 03 | G10: 5100 | H10: 780.3 | I10: =IF(G10=0,"",H10/G10) -> 0.153 | J10: =IF(I10="","",ABS(I10-Cálculos!$D$8)) -> 0.0095 | K10: Obra 03 | L10: 5100 | M10: 780.3 | N10: =IF(L10=0,"",M10/L10) -> 0.153 | O10: =IF(N10="","",ABS(N10-Cálculos!$E$8)) -> 0.0095
A11: Obra 04 | B11: 5600 | C11: 868 | D11: =IF(B11=0,"",C11/B11) -> 0.155 | E11: =IF(D11="","",ABS(D11-Cálculos!$C$8)) -> 0.0075 | F11: Obra 04 | G11: 5600 | H11: 868 | I11: =IF(G11=0,"",H11/G11) -> 0.155 | J11: =IF(I11="","",ABS(I11-Cálculos!$D$8)) -> 0.0075 | K11: Obra 04 | L11: 5600 | M11: 868 | N11: =IF(L11=0,"",M11/L11) -> 0.155 | O11: =IF(N11="","",ABS(N11-Cálculos!$E$8)) -> 0.0075
A12: Obra 05 | B12: 6100 | C12: 951.6 | D12: =IF(B12=0,"",C12/B12) -> 0.156 | E12: =IF(D12="","",ABS(D12-Cálculos!$C$8)) -> 0.0065 | F12: Obra 05 | G12: 6100 | H12: 951.6 | I12: =IF(G12=0,"",H12/G12) -> 0.156 | J12: =IF(I12="","",ABS(I12-Cálculos!$D$8)) -> 0.0065 | K12: Obra 05 | L12: 6100 | M12: 951.6 | N12: =IF(L12=0,"",M12/L12) -> 0.156 | O12: =IF(N12="","",ABS(N12-Cálculos!$E$8)) -> 0.0065
A13: Obra 06 | B13: 6500 | C13: 1027 | D13: =IF(B13=0,"",C13/B13) -> 0.158 | E13: =IF(D13="","",ABS(D13-Cálculos!$C$8)) -> 0.0045 | F13: Obra 06 | G13: 6500 | H13: 1027 | I13: =IF(G13=0,"",H13/G13) -> 0.158 | J13: =IF(I13="","",ABS(I13-Cálculos!$D$8)) -> 0.0045 | K13: Obra 06 | L13: 6500 | M13: 1027 | N13: =IF(L13=0,"",M13/L13) -> 0.158 | O13: =IF(N13="","",ABS(N13-Cálculos!$E$8)) -> 0.0045
A14: Obra 07 | B14: 7000 | C14: 1113 | D14: =IF(B14=0,"",C14/B14) -> 0.159 | E14: =IF(D14="","",ABS(D14-Cálculos!$C$8)) -> 0.0035 | F14: Obra 07 | G14: 7000 | H14: 1113 | I14: =IF(G14=0,"",H14/G14) -> 0.159 | J14: =IF(I14="","",ABS(I14-Cálculos!$D$8)) -> 0.0035 | K14: Obra 07 | L14: 7000 | M14: 1113 | N14: =IF(L14=0,"",M14/L14) -> 0.159 | O14: =IF(N14="","",ABS(N14-Cálculos!$E$8)) -> 0.0035
A15: Obra 08 | B15: 7400 | C15: 1184 | D15: =IF(B15=0,"",C15/B15) -> 0.16 | E15: =IF(D15="","",ABS(D15-Cálculos!$C$8)) -> 0.0025 | F15: Obra 08 | G15: 7400 | H15: 1184 | I15: =IF(G15=0,"",H15/G15) -> 0.16 | J15: =IF(I15="","",ABS(I15-Cálculos!$D$8)) -> 0.0025 | K15: Obra 08 | L15: 7400 | M15: 1184 | N15: =IF(L15=0,"",M15/L15) -> 0.16 | O15: =IF(N15="","",ABS(N15-Cálculos!$E$8)) -> 0.0025
A16: Obra 09 | B16: 7900 | C16: 1271.9 | D16: =IF(B16=0,"",C16/B16) -> 0.161 | E16: =IF(D16="","",ABS(D16-Cálculos!$C$8)) -> 0.0015 | F16: Obra 09 | G16: 7900 | H16: 1271.9 | I16: =IF(G16=0,"",H16/G16) -> 0.161 | J16: =IF(I16="","",ABS(I16-Cálculos!$D$8)) -> 0.0015 | K16: Obra 09 | L16: 7900 | M16: 1271.9 | N16: =IF(L16=0,"",M16/L16) -> 0.161 | O16: =IF(N16="","",ABS(N16-Cálculos!$E$8)) -> 0.0015
A17: Obra 10 | B17: 8300 | C17: 1344.6 | D17: =IF(B17=0,"",C17/B17) -> 0.162 | E17: =IF(D17="","",ABS(D17-Cálculos!$C$8)) -> 0.0005 | F17: Obra 10 | G17: 8300 | H17: 1344.6 | I17: =IF(G17=0,"",H17/G17) -> 0.162 | J17: =IF(I17="","",ABS(I17-Cálculos!$D$8)) -> 0.0005 | K17: Obra 10 | L17: 8300 | M17: 1344.6 | N17: =IF(L17=0,"",M17/L17) -> 0.162 | O17: =IF(N17="","",ABS(N17-Cálculos!$E$8)) -> 0.0005
A18: Obra 11 | B18: 8800 | C18: 1434.4 | D18: =IF(B18=0,"",C18/B18) -> 0.163 | E18: =IF(D18="","",ABS(D18-Cálculos!$C$8)) -> 0.0005 | F18: Obra 11 | G18: 8800 | H18: 1434.4 | I18: =IF(G18=0,"",H18/G18) -> 0.163 | J18: =IF(I18="","",ABS(I18-Cálculos!$D$8)) -> 0.0005 | K18: Obra 11 | L18: 8800 | M18: 1434.4 | N18: =IF(L18=0,"",M18/L18) -> 0.163 | O18: =IF(N18="","",ABS(N18-Cálculos!$E$8)) -> 0.0005
A19: Obra 12 | B19: 9200 | C19: 1508.8 | D19: =IF(B19=0,"",C19/B19) -> 0.164 | E19: =IF(D19="","",ABS(D19-Cálculos!$C$8)) -> 0.0015 | F19: Obra 12 | G19: 9200 | H19: 1508.8 | I19: =IF(G19=0,"",H19/G19) -> 0.164 | J19: =IF(I19="","",ABS(I19-Cálculos!$D$8)) -> 0.0015 | K19: Obra 12 | L19: 9200 | M19: 1508.8 | N19: =IF(L19=0,"",M19/L19) -> 0.164 | O19: =IF(N19="","",ABS(N19-Cálculos!$E$8)) -> 0.0015
... A27: Obra 20 | B27: 14000 | C27: 2408 | D27: =IF(B27=0,"",C27/B27) -> 0.172 | E27: =IF(D27="","",ABS(D27-Cálculos!$C$8)) -> 0.0095 | F27: Obra 20 | G27: 14000 | H27: 4200 | I27: =IF(G27=0,"",H27/G27) -> 0.3 | J27: =IF(I27="","",ABS(I27-Cálculos!$D$8)) -> 0.1375 | K27: Obra 20 | L27: 14000 | M27: 3780 | N27: =IF(L27=0,"",M27/L27) -> 0.27 | O27: =IF(N27="","",ABS(N27-Cálculos!$E$8)) -> 0.1075

Sheet Percentiles
A1: Cálculo detallado de percentiles inclusivos
A2: Método inclusivo: posición = 1 + (n - 1) × k. Cuando la posición no es entera, se interpola entre el valor inferior y el superior. Las fórmulas son visibles para facilitar las pruebas.
A5: Escenario: Homogéneo | K5: Escenario: Con atípico | U5: Escenario: Asimétrico
A6: Percentil | B6: k | C6: n | D6: Posición | E6: Índice inferior | F6: Fracción | G6: Valor inferior | H6: Valor superior | I6: Resultado | K6: Percentil | L6: k | M6: n | N6: Posición | O6: Índice inferior | P6: Fracción | Q6: Valor inferior | R6: Valor superior | S6: Resultado | U6: Percentil | V6: k | W6: n | X6: Posición | Y6: Índice inferior | Z6: Fracción | AA6: Valor inferior | AB6: Valor superior | AC6: Resultado
A7: P10 | B7: 0.1 | C7: =COUNT(Datos_Prueba!$D$8:$D$27) -> 20 | D7: =1+(C7-1)*B7 -> 2.9 | E7: =INT(D7) -> 2 | F7: =D7-E7 -> 0.9 | G7: =SMALL(Datos_Prueba!$D$8:$D$27,E7) -> 0.151 | H7: =SMALL(Datos_Prueba!$D$8:$D$27,E7+1) -> 0.153 | I7: =G7+F7*(H7-G7) -> 0.1528 | K7: P10 | L7: 0.1 | M7: =COUNT(Datos_Prueba!$I$8:$I$27) -> 20 | N7: =1+(M7-1)*L7 -> 2.9 | O7: =INT(N7) -> 2 | P7: =N7-O7 -> 0.9 | Q7: =SMALL(Datos_Prueba!$I$8:$I$27,O7) -> 0.151 | R7: =SMALL(Datos_Prueba!$I$8:$I$27,O7+1) -> 0.153 | S7: =Q7+P7*(R7-Q7) -> 0.1528 | U7: P10 | V7: 0.1 | W7: =COUNT(Datos_Prueba!$N$8:$N$27) -> 20 | X7: =1+(W7-1)*V7 -> 2.9 | Y7: =INT(X7) -> 2 | Z7: =X7-Y7 -> 0.9 | AA7: =SMALL(Datos_Prueba!$N$8:$N$27,Y7) -> 0.151 | AB7: =SMALL(Datos_Prueba!$N$8:$N$27,Y7+1) -> 0.153 | AC7: =AA7+Z7*(AB7-AA7) -> 0.1528
A8: P25 | B8: 0.25 | C8: =COUNT(Datos_Prueba!$D$8:$D$27) -> 20 | D8: =1+(C8-1)*B8 -> 5.75 | E8: =INT(D8) -> 5 | F8: =D8-E8 -> 0.75 | G8: =SMALL(Datos_Prueba!$D$8:$D$27,E8) -> 0.156 | H8: =SMALL(Datos_Prueba!$D$8:$D$27,E8+1) -> 0.158 | I8: =G8+F8*(H8-G8) -> 0.1575 | K8: P25 | L8: 0.25 | M8: =COUNT(Datos_Prueba!$I$8:$I$27) -> 20 | N8: =1+(M8-1)*L8 -> 5.75 | O8: =INT(N8) -> 5 | P8: =N8-O8 -> 0.75 | Q8: =SMALL(Datos_Prueba!$I$8:$I$27,O8) -> 0.156 | R8: =SMALL(Datos_Prueba!$I$8:$I$27,O8+1) -> 0.158 | S8: =Q8+P8*(R8-Q8) -> 0.1575 | U8: P25 | V8: 0.25 | W8: =COUNT(Datos_Prueba!$N$8:$N$27) -> 20 | X8: =1+(W8-1)*V8 -> 5.75 | Y8: =INT(X8) -> 5 | Z8: =X8-Y8 -> 0.75 | AA8: =SMALL(Datos_Prueba!$N$8:$N$27,Y8) -> 0.156 | AB8: =SMALL(Datos_Prueba!$N$8:$N$27,Y8+1) -> 0.158 | AC8: =AA8+Z8*(AB8-AA8) -> 0.1575
A9: P50 | B9: 0.5 | C9: =COUNT(Datos_Prueba!$D$8:$D$27) -> 20 | D9: =1+(C9-1)*B9 -> 10.5 | E9: =INT(D9) -> 10 | F9: =D9-E9 -> 0.5 | G9: =SMALL(Datos_Prueba!$D$8:$D$27,E9) -> 0.162 | H9: =SMALL(Datos_Prueba!$D$8:$D$27,E9+1) -> 0.163 | I9: =G9+F9*(H9-G9) -> 0.1625 | K9: P50 | L9: 0.5 | M9: =COUNT(Datos_Prueba!$I$8:$I$27) -> 20 | N9: =1+(M9-1)*L9 -> 10.5 | O9: =INT(N9) -> 10 | P9: =N9-O9 -> 0.5 | Q9: =SMALL(Datos_Prueba!$I$8:$I$27,O9) -> 0.162 | R9: =SMALL(Datos_Prueba!$I$8:$I$27,O9+1) -> 0.163 | S9: =Q9+P9*(R9-Q9) -> 0.1625 | U9: P50 | V9: 0.5 | W9: =COUNT(Datos_Prueba!$N$8:$N$27) -> 20 | X9: =1+(W9-1)*V9 -> 10.5 | Y9: =INT(X9) -> 10 | Z9: =X9-Y9 -> 0.5 | AA9: =SMALL(Datos_Prueba!$N$8:$N$27,Y9) -> 0.162 | AB9: =SMALL(Datos_Prueba!$N$8:$N$27,Y9+1) -> 0.163 | AC9: =AA9+Z9*(AB9-AA9) -> 0.1625
A10: P75 | B10: 0.75 | C10: =COUNT(Datos_Prueba!$D$8:$D$27) -> 20 | D10: =1+(C10-1)*B10 -> 15.25 | E10: =INT(D10) -> 15 | F10: =D10-E10 -> 0.25 | G10: =SMALL(Datos_Prueba!$D$8:$D$27,E10) -> 0.167 | H10: =SMALL(Datos_Prueba!$D$8:$D$27,E10+1) -> 0.168 | I10: =G10+F10*(H10-G10) -> 0.16725 | K10: P75 | L10: 0.75 | M10: =COUNT(Datos_Prueba!$I$8:$I$27) -> 20 | N10: =1+(M10-1)*L10 -> 15.25 | O10: =INT(N10) -> 15 | P10: =N10-O10 -> 0.25 | Q10: =SMALL(Datos_Prueba!$I$8:$I$27,O10) -> 0.167 | R10: =SMALL(Datos_Prueba!$I$8:$I$27,O10+1) -> 0.168 | S10: =Q10+P10*(R10-Q10) -> 0.16725 | U10: P75 | V10: 0.75 | W10: =COUNT(Datos_Prueba!$N$8:$N$27) -> 20 | X10: =1+(W10-1)*V10 -> 15.25 | Y10: =INT(X10) -> 15 | Z10: =X10-Y10 -> 0.25 | AA10: =SMALL(Datos_Prueba!$N$8:$N$27,Y10) -> 0.167 | AB10: =SMALL(Datos_Prueba!$N$8:$N$27,Y10+1) -> 0.178 | AC10: =AA10+Z10*(AB10-AA10) -> 0.16975
A11: P90 | B11: 0.9 | C11: =COUNT(Datos_Prueba!$D$8:$D$27) -> 20 | D11: =1+(C11-1)*B11 -> 18.1 | E11: =INT(D11) -> 18 | F11: =D11-E11 -> 0.1 | G11: =SMALL(Datos_Prueba!$D$8:$D$27,E11) -> 0.17 | H11: =SMALL(Datos_Prueba!$D$8:$D$27,E11+1) -> 0.171 | I11: =G11+F11*(H11-G11) -> 0.1701 | K11: P90 | L11: 0.9 | M11: =COUNT(Datos_Prueba!$I$8:$I$27) -> 20 | N11: =1+(M11-1)*L11 -> 18.1 | O11: =INT(N11) -> 18 | P11: =N11-O11 -> 0.1 | Q11: =SMALL(Datos_Prueba!$I$8:$I$27,O11) -> 0.17 | R11: =SMALL(Datos_Prueba!$I$8:$I$27,O11+1) -> 0.171 | S11: =Q11+P11*(R11-Q11) -> 0.1701 | U11: P90 | V11: 0.9 | W11: =COUNT(Datos_Prueba!$N$8:$N$27) -> 20 | X11: =1+(W11-1)*V11 -> 18.1 | Y11: =INT(X11) -> 18 | Z11: =X11-Y11 -> 0.1 | AA11: =SMALL(Datos_Prueba!$N$8:$N$27,Y11) -> 0.205 | AB11: =SMALL(Datos_Prueba!$N$8:$N$27,Y11+1) -> 0.23 | AC11: =AA11+Z11*(AB11-AA11) -> 0.2075
A13: Fórmula Excel del resultado | B13: =G7+F7*(H7-G7) -> 0.1528 | K13: Fórmula Excel del resultado | L13: =Q7+P7*(R7-Q7) -> 0.1528 | U13: Fórmula Excel del resultado | V13: =AA7+Z7*(AB7-AA7) -> 0.1528

Sheet Cálculos
A1: Estadística descriptiva por escenario
A2: Los resultados se calculan sobre el paramétrico m³ de concreto / m² construido.
A3: Indicador | B3: Fórmula conceptual | C3: Homogéneo | D3: Con atípico | E3: Asimétrico | G3: Controles del modelo
A4: Número de obras | B4: n | C4: =COUNT(Datos_Prueba!$D$8:$D$27) -> 20 | D4: =COUNT(Datos_Prueba!$I$8:$I$27) -> 20 | E4: =COUNT(Datos_Prueba!$N$8:$N$27) -> 20
A5: Media | B5: Σx / n | C5: =AVERAGE(Datos_Prueba!$D$8:$D$27) -> 0.1619 | D5: =AVERAGE(Datos_Prueba!$I$8:$I$27) -> 0.1683 | E5: =AVERAGE(Datos_Prueba!$N$8:$N$27) -> 0.17305 | G5: z aproximado para 95% | H5: 1.96
A6: Varianza muestral | B6: Σ(x - media)² / (n - 1) | C6: =_xlfn.VAR.S(Datos_Prueba!$D$8:$D$27) -> 4.7252632e-05 | D6: =_xlfn.VAR.S(Datos_Prueba!$I$8:$I$27) -> 0.0010025368 | E6: =_xlfn.VAR.S(Datos_Prueba!$N$8:$N$27) -> 0.00091068158 | G6: Factor de ajuste MAD | H6: 1.4826
A7: Desviación estándar | B7: √Varianza | C7: =STDEV(Datos_Prueba!$D$8:$D$27) -> 0.006874055 | D7: =STDEV(Datos_Prueba!$I$8:$I$27) -> 0.031662862 | E7: =STDEV(Datos_Prueba!$N$8:$N$27) -> 0.030177501
A8: Mediana | B8: Valor central ordenado | C8: =MEDIAN(Datos_Prueba!$D$8:$D$27) -> 0.1625 | D8: =MEDIAN(Datos_Prueba!$I$8:$I$27) -> 0.1625 | E8: =MEDIAN(Datos_Prueba!$N$8:$N$27) -> 0.1625 | G8: Nota | H8: El IC del promedio no es un rango de aceptación para una obra individual.
A9: Coeficiente de variación | B9: s / media | C9: =IF(C5=0,0,C7/C5) -> 0.042458647 | D9: =IF(D5=0,0,D7/D5) -> 0.18813347 | E9: =IF(E5=0,0,E7/E5) -> 0.17438602
A10: Mínimo | B10: Menor valor | C10: =MIN(Datos_Prueba!$D$8:$D$27) -> 0.148 | D10: =MIN(Datos_Prueba!$I$8:$I$27) -> 0.148 | E10: =MIN(Datos_Prueba!$N$8:$N$27) -> 0.148
A11: Máximo | B11: Mayor valor | C11: =MAX(Datos_Prueba!$D$8:$D$27) -> 0.172 | D11: =MAX(Datos_Prueba!$I$8:$I$27) -> 0.3 | E11: =MAX(Datos_Prueba!$N$8:$N$27) -> 0.27
A12: P10 | B12: Percentil inclusivo 10% | C12: =Percentiles!$I$7 -> 0.1528 | D12: =Percentiles!$S$7 -> 0.1528 | E12: =Percentiles!$AC$7 -> 0.1528
A13: P25 | B13: Percentil inclusivo 25% | C13: =Percentiles!$I$8 -> 0.1575 | D13: =Percentiles!$S$8 -> 0.1575 | E13: =Percentiles!$AC$8 -> 0.1575
A14: P50 | B14: Percentil inclusivo 50% | C14: =Percentiles!$I$9 -> 0.1625 | D14: =Percentiles!$S$9 -> 0.1625 | E14: =Percentiles!$AC$9 -> 0.1625
A15: P75 | B15: Percentil inclusivo 75% | C15: =Percentiles!$I$10 -> 0.16725 | D15: =Percentiles!$S$10 -> 0.16725 | E15: =Percentiles!$AC$10 -> 0.16975
A16: P90 | B16: Percentil inclusivo 90% | C16: =Percentiles!$I$11 -> 0.1701 | D16: =Percentiles!$S$11 -> 0.1701 | E16: =Percentiles!$AC$11 -> 0.2075
A17: Rango intercuartílico (IQR) | B17: P75 - P25 | C17: =C15-C13 -> 0.00975 | D17: =D15-D13 -> 0.00975 | E17: =E15-E13 -> 0.01225
A18: MAD | B18: Mediana(|x - mediana|) | C18: =MEDIAN(Datos_Prueba!$E$8:$E$27) -> 0.005 | D18: =MEDIAN(Datos_Prueba!$J$8:$J$27) -> 0.005 | E18: =MEDIAN(Datos_Prueba!$O$8:$O$27) -> 0.0055
A19: MAD ajustado | B19: MAD × factor de ajuste | C19: =C18*$H$6 -> 0.007413 | D19: =D18*$H$6 -> 0.007413 | E19: =E18*$H$6 -> 0.0081543
A20: Error estándar | B20: s / √n | C20: =C7/SQRT(C4) -> 0.0015370854 | D20: =D7/SQRT(D4) -> 0.0070800312 | E20: =E7/SQRT(E4) -> 0.0067478944
A21: Margen de error 95% | B21: z × error estándar | C21: =$H$5*C20 -> 0.0030126874 | D21: =$H$5*D20 -> 0.013876861 | E21: =$H$5*E20 -> 0.013225873
A22: IC media 95% — inferior | B22: media - margen de error | C22: =C5-C21 -> 0.15888731 | D22: =D5-D21 -> 0.15442314 | E22: =E5-E21 -> 0.15982413
A23: IC media 95% — superior | B23: media + margen de error | C23: =C5+C21 -> 0.16491269 | D23: =D5+D21 -> 0.18217686 | E23: =E5+E21 -> 0.18627587

Sheet Rangos_Métodos
A1: Comparación de rangos por método y escenario
A2: Cada método genera una banda esperada y una banda preventiva. La cobertura indica qué porcentaje de la muestra queda dentro del rango. Las diferencias de amplitud permiten evaluar la sensibilidad de cada método.
A5: Escenario | B5: Método | C5: Centro | D5: Límite esperado inferior | E5: Límite esperado superior | F5: Ancho esperado | G5: Límite preventivo inferior | H5: Límite preventivo superior | I5: Ancho preventivo | J5: Datos dentro esperado | K5: Cobertura esperada | L5: Datos dentro preventivo | M5: Cobertura preventiva | N5: Fuera preventivo | O5: Adecuación al ejemplo | P5: Uso sugerido
A6: Homogéneo | B6: Media + desviación estándar | C6: =Cálculos!C5 -> 0.1619 | D6: =C6-Cálculos!C7 -> 0.15502595 | E6: =C6+Cálculos!C7 -> 0.16877405 | F6: =E6-D6 -> 0.01374811 | G6: =C6-2*Cálculos!C7 -> 0.14815189 | H6: =C6+2*Cálculos!C7 -> 0.17564811 | I6: =H6-G6 -> 0.02749622 | J6: =COUNT(Datos_Prueba!$D$8:$D$27)-COUNTIF(Datos_Prueba!$D$8:$D$27,"<"&D6)-COUNTIF(Datos_Prueba!$D$8:$D$27,">"&E6) -> 12 | K6: =J6/COUNT(Datos_Prueba!$D$8:$D$27) -> 0.6 | L6: =COUNT(Datos_Prueba!$D$8:$D$27)-COUNTIF(Datos_Prueba!$D$8:$D$27,"<"&G6)-COUNTIF(Datos_Prueba!$D$8:$D$27,">"&H6) -> 19 | M6: =L6/COUNT(Datos_Prueba!$D$8:$D$27) -> 0.95 | N6: =COUNT(Datos_Prueba!$D$8:$D$27)-L6 -> 1 | O6: Alta | P6: Muestras homogéneas y aproximadamente simétricas.
A7: Homogéneo | B7: Mediana + MAD ajustado | C7: =Cálculos!C8 -> 0.1625 | D7: =C7-Cálculos!C19 -> 0.155087 | E7: =C7+Cálculos!C19 -> 0.169913 | F7: =E7-D7 -> 0.014826 | G7: =C7-2*Cálculos!C19 -> 0.147674 | H7: =C7+2*Cálculos!C19 -> 0.177326 | I7: =H7-G7 -> 0.029652 | J7: =COUNT(Datos_Prueba!$D$8:$D$27)-COUNTIF(Datos_Prueba!$D$8:$D$27,"<"&D7)-COUNTIF(Datos_Prueba!$D$8:$D$27,">"&E7) -> 13 | K7: =J7/COUNT(Datos_Prueba!$D$8:$D$27) -> 0.65 | L7: =COUNT(Datos_Prueba!$D$8:$D$27)-COUNTIF(Datos_Prueba!$D$8:$D$27,"<"&G7)-COUNTIF(Datos_Prueba!$D$8:$D$27,">"&H7) -> 20 | M7: =L7/COUNT(Datos_Prueba!$D$8:$D$27) -> 1 | N7: =COUNT(Datos_Prueba!$D$8:$D$27)-L7 -> 0 | O7: Media | P7: Muestras pequeñas o con valores extremos.
A8: Homogéneo | B8: Mediana + percentiles | C8: =Cálculos!C14 -> 0.1625 | D8: =Cálculos!C13 -> 0.1575 | E8: =Cálculos!C15 -> 0.16725 | F8: =E8-D8 -> 0.00975 | G8: =Cálculos!C12 -> 0.1528 | H8: =Cálculos!C16 -> 0.1701 | I8: =H8-G8 -> 0.0173 | J8: =COUNT(Datos_Prueba!$D$8:$D$27)-COUNTIF(Datos_Prueba!$D$8:$D$27,"<"&D8)-COUNTIF(Datos_Prueba!$D$8:$D$27,">"&E8) -> 10 | K8: =J8/COUNT(Datos_Prueba!$D$8:$D$27) -> 0.5 | L8: =COUNT(Datos_Prueba!$D$8:$D$27)-COUNTIF(Datos_Prueba!$D$8:$D$27,"<"&G8)-COUNTIF(Datos_Prueba!$D$8:$D$27,">"&H8) -> 16 | M8: =L8/COUNT(Datos_Prueba!$D$8:$D$27) -> 0.8 | N8: =COUNT(Datos_Prueba!$D$8:$D$27)-L8 -> 4 | O8: Media | P8: Distribuciones asimétricas con muestra suficiente.
A9: Con atípico | B9: Media + desviación estándar | C9: =Cálculos!D5 -> 0.1683 | D9: =C9-Cálculos!D7 -> 0.13663714 | E9: =C9+Cálculos!D7 -> 0.19996286 | F9: =E9-D9 -> 0.063325724 | G9: =C9-2*Cálculos!D7 -> 0.10497428 | H9: =C9+2*Cálculos!D7 -> 0.23162572 | I9: =H9-G9 -> 0.12665145 | J9: =COUNT(Datos_Prueba!$I$8:$I$27)-COUNTIF(Datos_Prueba!$I$8:$I$27,"<"&D9)-COUNTIF(Datos_Prueba!$I$8:$I$27,">"&E9) -> 19 | K9: =J9/COUNT(Datos_Prueba!$I$8:$I$27) -> 0.95 | L9: =COUNT(Datos_Prueba!$I$8:$I$27)-COUNTIF(Datos_Prueba!$I$8:$I$27,"<"&G9)-COUNTIF(Datos_Prueba!$I$8:$I$27,">"&H9) -> 19 | M9: =L9/COUNT(Datos_Prueba!$I$8:$I$27) -> 0.95 | N9: =COUNT(Datos_Prueba!$I$8:$I$27)-L9 -> 1 | O9: Baja | P9: Muestras homogéneas y aproximadamente simétricas.
A10: Con atípico | B10: Mediana + MAD ajustado | C10: =Cálculos!D8 -> 0.1625 | D10: =C10-Cálculos!D19 -> 0.155087 | E10: =C10+Cálculos!D19 -> 0.169913 | F10: =E10-D10 -> 0.014826 | G10: =C10-2*Cálculos!D19 -> 0.147674 | H10: =C10+2*Cálculos!D19 -> 0.177326 | I10: =H10-G10 -> 0.029652 | J10: =COUNT(Datos_Prueba!$I$8:$I$27)-COUNTIF(Datos_Prueba!$I$8:$I$27,"<"&D10)-COUNTIF(Datos_Prueba!$I$8:$I$27,">"&E10) -> 13 | K10: =J10/COUNT(Datos_Prueba!$I$8:$I$27) -> 0.65 | L10: =COUNT(Datos_Prueba!$I$8:$I$27)-COUNTIF(Datos_Prueba!$I$8:$I$27,"<"&G10)-COUNTIF(Datos_Prueba!$I$8:$I$27,">"&H10) -> 19 | M10: =L10/COUNT(Datos_Prueba!$I$8:$I$27) -> 0.95 | N10: =COUNT(Datos_Prueba!$I$8:$I$27)-L10 -> 1 | O10: Alta | P10: Muestras pequeñas o con valores extremos.
A11: Con atípico | B11: Mediana + percentiles | C11: =Cálculos!D14 -> 0.1625 | D11: =Cálculos!D13 -> 0.1575 | E11: =Cálculos!D15 -> 0.16725 | F11: =E11-D11 -> 0.00975 | G11: =Cálculos!D12 -> 0.1528 | H11: =Cálculos!D16 -> 0.1701 | I11: =H11-G11 -> 0.0173 | J11: =COUNT(Datos_Prueba!$I$8:$I$27)-COUNTIF(Datos_Prueba!$I$8:$I$27,"<"&D11)-COUNTIF(Datos_Prueba!$I$8:$I$27,">"&E11) -> 10 | K11: =J11/COUNT(Datos_Prueba!$I$8:$I$27) -> 0.5 | L11: =COUNT(Datos_Prueba!$I$8:$I$27)-COUNTIF(Datos_Prueba!$I$8:$I$27,"<"&G11)-COUNTIF(Datos_Prueba!$I$8:$I$27,">"&H11) -> 16 | M11: =L11/COUNT(Datos_Prueba!$I$8:$I$27) -> 0.8 | N11: =COUNT(Datos_Prueba!$I$8:$I$27)-L11 -> 4 | O11: Media | P11: Distribuciones asimétricas con muestra suficiente.
A12: Asimétrico | B12: Media + desviación estándar | C12: =Cálculos!E5 -> 0.17305 | D12: =C12-Cálculos!E7 -> 0.1428725 | E12: =C12+Cálculos!E7 -> 0.2032275 | F12: =E12-D12 -> 0.060355002 | G12: =C12-2*Cálculos!E7 -> 0.112695 | H12: =C12+2*Cálculos!E7 -> 0.233405 | I12: =H12-G12 -> 0.12071 | J12: =COUNT(Datos_Prueba!$N$8:$N$27)-COUNTIF(Datos_Prueba!$N$8:$N$27,"<"&D12)-COUNTIF(Datos_Prueba!$N$8:$N$27,">"&E12) -> 17 | K12: =J12/COUNT(Datos_Prueba!$N$8:$N$27) -> 0.85 | L12: =COUNT(Datos_Prueba!$N$8:$N$27)-COUNTIF(Datos_Prueba!$N$8:$N$27,"<"&G12)-COUNTIF(Datos_Prueba!$N$8:$N$27,">"&H12) -> 19 | M12: =L12/COUNT(Datos_Prueba!$N$8:$N$27) -> 0.95 | N12: =COUNT(Datos_Prueba!$N$8:$N$27)-L12 -> 1 | O12: Media | P12: Muestras homogéneas y aproximadamente simétricas.
A13: Asimétrico | B13: Mediana + MAD ajustado | C13: =Cálculos!E8 -> 0.1625 | D13: =C13-Cálculos!E19 -> 0.1543457 | E13: =C13+Cálculos!E19 -> 0.1706543 | F13: =E13-D13 -> 0.0163086 | G13: =C13-2*Cálculos!E19 -> 0.1461914 | H13: =C13+2*Cálculos!E19 -> 0.1788086 | I13: =H13-G13 -> 0.0326172 | J13: =COUNT(Datos_Prueba!$N$8:$N$27)-COUNTIF(Datos_Prueba!$N$8:$N$27,"<"&D13)-COUNTIF(Datos_Prueba!$N$8:$N$27,">"&E13) -> 12 | K13: =J13/COUNT(Datos_Prueba!$N$8:$N$27) -> 0.6 | L13: =COUNT(Datos_Prueba!$N$8:$N$27)-COUNTIF(Datos_Prueba!$N$8:$N$27,"<"&G13)-COUNTIF(Datos_Prueba!$N$8:$N$27,">"&H13) -> 16 | M13: =L13/COUNT(Datos_Prueba!$N$8:$N$27) -> 0.8 | N13: =COUNT(Datos_Prueba!$N$8:$N$27)-L13 -> 4 | O13: Media | P13: Muestras pequeñas o con valores extremos.
A14: Asimétrico | B14: Mediana + percentiles | C14: =Cálculos!E14 -> 0.1625 | D14: =Cálculos!E13 -> 0.1575 | E14: =Cálculos!E15 -> 0.16975 | F14: =E14-D14 -> 0.01225 | G14: =Cálculos!E12 -> 0.1528 | H14: =Cálculos!E16 -> 0.2075 | I14: =H14-G14 -> 0.0547 | J14: =COUNT(Datos_Prueba!$N$8:$N$27)-COUNTIF(Datos_Prueba!$N$8:$N$27,"<"&D14)-COUNTIF(Datos_Prueba!$N$8:$N$27,">"&E14) -> 10 | K14: =J14/COUNT(Datos_Prueba!$N$8:$N$27) -> 0.5 | L14: =COUNT(Datos_Prueba!$N$8:$N$27)-COUNTIF(Datos_Prueba!$N$8:$N$27,"<"&G14)-COUNTIF(Datos_Prueba!$N$8:$N$27,">"&H14) -> 16 | M14: =L14/COUNT(Datos_Prueba!$N$8:$N$27) -> 0.8 | N14: =COUNT(Datos_Prueba!$N$8:$N$27)-L14 -> 4 | O14: Alta | P14: Distribuciones asimétricas con muestra suficiente.

Sheet Comparación
A1: Sensibilidad y estabilidad de los métodos
A2: Una varianza menor entre escenarios indica que el resultado del método cambia menos cuando aparecen atípicos o asimetría. No significa automáticamente que el método sea el correcto: debe evaluarse junto con la homogeneidad y la naturaleza del concepto.
A5: A. Sensibilidad del valor central | H5: Lectura recomendada
A6: Estimador | B6: Homogéneo | C6: Con atípico | D6: Asimétrico | E6: Varianza entre escenarios | F6: Cambio máximo vs. homogéneo | H6: Media | I6: Observe cuánto aumenta con el atípico; una variación alta confirma sensibilidad.
A7: Media | B7: =Cálculos!C5 -> 0.1619 | C7: =Cálculos!D5 -> 0.1683 | D7: =Cálculos!E5 -> 0.17305 | E7: =_xlfn.SINGLE(_xlfn.VAR.S(B7:D7)) -> 3.13075e-05 | F7: =MAX(ABS(C7-B7)/B7,ABS(D7-B7)/B7) -> 0.068869673 | H7: Mediana | I7: Debe mantenerse más estable cuando cambia solo un valor extremo.
A8: Mediana | B8: =Cálculos!C8 -> 0.1625 | C8: =Cálculos!D8 -> 0.1625 | D8: =Cálculos!E8 -> 0.1625 | E8: =_xlfn.VAR.S(B8:D8) -> 0 | F8: =MAX(ABS(C8-B8)/B8,ABS(D8-B8)/B8) -> 0 | H8: Ancho ±2s | I8: Puede crecer mucho por un atípico, reduciendo la capacidad de detectar errores.
H9: Ancho ±2MADa | I9: Suele permanecer estable, aunque puede ser estrecho si muchos valores se repiten.
H10: P10–P90 | I10: Se adapta a la forma observada, pero requiere una muestra suficiente.
A11: B. Sensibilidad del ancho del rango preventivo
A12: Estimador | B12: Homogéneo | C12: Con atípico | D12: Asimétrico | E12: Varianza entre escenarios | F12: Cambio máximo vs. homogéneo
A13: Media ± 2s | B13: =Rangos_Métodos!I6 -> 0.02749622 | C13: =Rangos_Métodos!I9 -> 0.12665145 | D13: =Rangos_Métodos!I12 -> 0.12071 | E13: =_xlfn.VAR.S(B13:D13) -> 0.003092645 | F13: =MAX(ABS(C13-B13)/B13,ABS(D13-B13)/B13) -> 3.6061404
A14: Mediana ± 2MADa | B14: =Rangos_Métodos!I7 -> 0.029652 | C14: =Rangos_Métodos!I10 -> 0.029652 | D14: =Rangos_Métodos!I13 -> 0.0326172 | E14: =_xlfn.VAR.S(B14:D14) -> 2.9308037e-06 | F14: =MAX(ABS(C14-B14)/B14,ABS(D14-B14)/B14) -> 0.1
A15: P10 – P90 | B15: =Rangos_Métodos!I8 -> 0.0173 | C15: =Rangos_Métodos!I11 -> 0.0173 | D15: =Rangos_Métodos!I14 -> 0.0547 | E15: =_xlfn.VAR.S(B15:D15) -> 0.00046625333 | F15: =MAX(ABS(C15-B15)/B15,ABS(D15-B15)/B15) -> 2.1618497
A18: C. Cobertura preventiva de la muestra
A19: Método | B19: Homogéneo | C19: Con atípico | D19: Asimétrico | E19: Promedio cobertura | F19: Variación de cobertura
A20: Media ± 2s | B20: =Rangos_Métodos!M6 -> 0.95 | C20: =Rangos_Métodos!M9 -> 0.95 | D20: =Rangos_Métodos!M12 -> 0.95 | E20: =AVERAGE(B20:D20) -> 0.95 | F20: =_xlfn.VAR.S(B20:D20) -> 1.8488927e-32
A21: Mediana ± 2MADa | B21: =Rangos_Métodos!M7 -> 1 | C21: =Rangos_Métodos!M10 -> 0.95 | D21: =Rangos_Métodos!M13 -> 0.8 | E21: =AVERAGE(B21:D21) -> 0.91666667 | F21: =_xlfn.VAR.S(B21:D21) -> 0.010833333
A22: P10 – P90 | B22: =Rangos_Métodos!M8 -> 0.8 | C22: =Rangos_Métodos!M11 -> 0.8 | D22: =Rangos_Métodos!M14 -> 0.8 | E22: =AVERAGE(B22:D22) -> 0.8 | F22: =_xlfn.VAR.S(B22:D22) -> 1.8488927e-32

Sheet Evaluación
A1: Prueba de una obra nueva contra todos los métodos
A3: Datos de entrada
A5: Área construida nueva (m²) | B5: 10000000 | D5: Lectura
A6: Cantidad de concreto nueva (m³) | B6: 1000000 | D6: Correcto: dentro del rango esperado.
A7: Parámetro calculado (m³/m²) | B7: =IF(B5=0,"",B6/B5) -> 0.1 | D7: Revisar: fuera del esperado, pero dentro del preventivo.
D8: Crítico: fuera del rango preventivo.
A11: Escenario | B11: Método | C11: Rango esperado | D11: Rango preventivo | E11: Valor obra | F11: Estado | G11: Diferencia vs. centro | H11: Observación
A12: =Rangos_Métodos!A6 -> Homogéneo | B12: =Rangos_Métodos!B6 -> Media + desviación estándar | C12: =TEXT(Rangos_Métodos!D6,"0.0000")&" – "&TEXT(Rangos_Métodos!E6,"0.0000") -> 0.1550 – 0.1688 | D12: =TEXT(Rangos_Métodos!G6,"0.0000")&" – "&TEXT(Rangos_Métodos!H6,"0.0000") -> 0.1482 – 0.1756 | E12: =$B$7 -> 0.1 | F12: =IF(OR($B$7<Rangos_Métodos!G6,$B$7>Rangos_Métodos!H6),"Crítico",IF(AND($B$7>=Rangos_Métodos!D6,$B$7<=Rangos_Métodos!E6),"Correcto","Revisar")) -> Crítico | G12: =IF(Rangos_Métodos!C6=0,0,($B$7-Rangos_Métodos!C6)/Rangos_Métodos!C6) -> -0.38233477 | H12: =IF(F12="Correcto","Dentro del comportamiento esperado",IF(F12="Revisar","Revisar cantidades, unidad y alcance","Posible error o condición especial")) -> Posible error o condición especial
A13: =Rangos_Métodos!A7 -> Homogéneo | B13: =Rangos_Métodos!B7 -> Mediana + MAD ajustado | C13: =TEXT(Rangos_Métodos!D7,"0.0000")&" – "&TEXT(Rangos_Métodos!E7,"0.0000") -> 0.1551 – 0.1699 | D13: =TEXT(Rangos_Métodos!G7,"0.0000")&" – "&TEXT(Rangos_Métodos!H7,"0.0000") -> 0.1477 – 0.1773 | E13: =$B$7 -> 0.1 | F13: =IF(OR($B$7<Rangos_Métodos!G7,$B$7>Rangos_Métodos!H7),"Crítico",IF(AND($B$7>=Rangos_Métodos!D7,$B$7<=Rangos_Métodos!E7),"Correcto","Revisar")) -> Crítico | G13: =IF(Rangos_Métodos!C7=0,0,($B$7-Rangos_Métodos!C7)/Rangos_Métodos!C7) -> -0.38461538 | H13: =IF(F13="Correcto","Dentro del comportamiento esperado",IF(F13="Revisar","Revisar cantidades, unidad y alcance","Posible error o condición especial")) -> Posible error o condición especial
A14: =Rangos_Métodos!A8 -> Homogéneo | B14: =Rangos_Métodos!B8 -> Mediana + percentiles | C14: =TEXT(Rangos_Métodos!D8,"0.0000")&" – "&TEXT(Rangos_Métodos!E8,"0.0000") -> 0.1575 – 0.1673 | D14: =TEXT(Rangos_Métodos!G8,"0.0000")&" – "&TEXT(Rangos_Métodos!H8,"0.0000") -> 0.1528 – 0.1701 | E14: =$B$7 -> 0.1 | F14: =IF(OR($B$7<Rangos_Métodos!G8,$B$7>Rangos_Métodos!H8),"Crítico",IF(AND($B$7>=Rangos_Métodos!D8,$B$7<=Rangos_Métodos!E8),"Correcto","Revisar")) -> Crítico | G14: =IF(Rangos_Métodos!C8=0,0,($B$7-Rangos_Métodos!C8)/Rangos_Métodos!C8) -> -0.38461538 | H14: =IF(F14="Correcto","Dentro del comportamiento esperado",IF(F14="Revisar","Revisar cantidades, unidad y alcance","Posible error o condición especial")) -> Posible error o condición especial
A15: =Rangos_Métodos!A9 -> Con atípico | B15: =Rangos_Métodos!B9 -> Media + desviación estándar | C15: =TEXT(Rangos_Métodos!D9,"0.0000")&" – "&TEXT(Rangos_Métodos!E9,"0.0000") -> 0.1366 – 0.2000 | D15: =TEXT(Rangos_Métodos!G9,"0.0000")&" – "&TEXT(Rangos_Métodos!H9,"0.0000") -> 0.1050 – 0.2316 | E15: =$B$7 -> 0.1 | F15: =IF(OR($B$7<Rangos_Métodos!G9,$B$7>Rangos_Métodos!H9),"Crítico",IF(AND($B$7>=Rangos_Métodos!D9,$B$7<=Rangos_Métodos!E9),"Correcto","Revisar")) -> Crítico | G15: =IF(Rangos_Métodos!C9=0,0,($B$7-Rangos_Métodos!C9)/Rangos_Métodos!C9) -> -0.40582294 | H15: =IF(F15="Correcto","Dentro del comportamiento esperado",IF(F15="Revisar","Revisar cantidades, unidad y alcance","Posible error o condición especial")) -> Posible error o condición especial
A16: =Rangos_Métodos!A10 -> Con atípico | B16: =Rangos_Métodos!B10 -> Mediana + MAD ajustado | C16: =TEXT(Rangos_Métodos!D10,"0.0000")&" – "&TEXT(Rangos_Métodos!E10,"0.0000") -> 0.1551 – 0.1699 | D16: =TEXT(Rangos_Métodos!G10,"0.0000")&" – "&TEXT(Rangos_Métodos!H10,"0.0000") -> 0.1477 – 0.1773 | E16: =$B$7 -> 0.1 | F16: =IF(OR($B$7<Rangos_Métodos!G10,$B$7>Rangos_Métodos!H10),"Crítico",IF(AND($B$7>=Rangos_Métodos!D10,$B$7<=Rangos_Métodos!E10),"Correcto","Revisar")) -> Crítico | G16: =IF(Rangos_Métodos!C10=0,0,($B$7-Rangos_Métodos!C10)/Rangos_Métodos!C10) -> -0.38461538 | H16: =IF(F16="Correcto","Dentro del comportamiento esperado",IF(F16="Revisar","Revisar cantidades, unidad y alcance","Posible error o condición especial")) -> Posible error o condición especial
A17: =Rangos_Métodos!A11 -> Con atípico | B17: =Rangos_Métodos!B11 -> Mediana + percentiles | C17: =TEXT(Rangos_Métodos!D11,"0.0000")&" – "&TEXT(Rangos_Métodos!E11,"0.0000") -> 0.1575 – 0.1673 | D17: =TEXT(Rangos_Métodos!G11,"0.0000")&" – "&TEXT(Rangos_Métodos!H11,"0.0000") -> 0.1528 – 0.1701 | E17: =$B$7 -> 0.1 | F17: =IF(OR($B$7<Rangos_Métodos!G11,$B$7>Rangos_Métodos!H11),"Crítico",IF(AND($B$7>=Rangos_Métodos!D11,$B$7<=Rangos_Métodos!E11),"Correcto","Revisar")) -> Crítico | G17: =IF(Rangos_Métodos!C11=0,0,($B$7-Rangos_Métodos!C11)/Rangos_Métodos!C11) -> -0.38461538 | H17: =IF(F17="Correcto","Dentro del comportamiento esperado",IF(F17="Revisar","Revisar cantidades, unidad y alcance","Posible error o condición especial")) -> Posible error o condición especial
A18: =Rangos_Métodos!A12 -> Asimétrico | B18: =Rangos_Métodos!B12 -> Media + desviación estándar | C18: =TEXT(Rangos_Métodos!D12,"0.0000")&" – "&TEXT(Rangos_Métodos!E12,"0.0000") -> 0.1429 – 0.2032 | D18: =TEXT(Rangos_Métodos!G12,"0.0000")&" – "&TEXT(Rangos_Métodos!H12,"0.0000") -> 0.1127 – 0.2334 | E18: =$B$7 -> 0.1 | F18: =IF(OR($B$7<Rangos_Métodos!G12,$B$7>Rangos_Métodos!H12),"Crítico",IF(AND($B$7>=Rangos_Métodos!D12,$B$7<=Rangos_Métodos!E12),"Correcto","Revisar")) -> Crítico | G18: =IF(Rangos_Métodos!C12=0,0,($B$7-Rangos_Métodos!C12)/Rangos_Métodos!C12) -> -0.42213233 | H18: =IF(F18="Correcto","Dentro del comportamiento esperado",IF(F18="Revisar","Revisar cantidades, unidad y alcance","Posible error o condición especial")) -> Posible error o condición especial
A19: =Rangos_Métodos!A13 -> Asimétrico | B19: =Rangos_Métodos!B13 -> Mediana + MAD ajustado | C19: =TEXT(Rangos_Métodos!D13,"0.0000")&" – "&TEXT(Rangos_Métodos!E13,"0.0000") -> 0.1543 – 0.1707 | D19: =TEXT(Rangos_Métodos!G13,"0.0000")&" – "&TEXT(Rangos_Métodos!H13,"0.0000") -> 0.1462 – 0.1788 | E19: =$B$7 -> 0.1 | F19: =IF(OR($B$7<Rangos_Métodos!G13,$B$7>Rangos_Métodos!H13),"Crítico",IF(AND($B$7>=Rangos_Métodos!D13,$B$7<=Rangos_Métodos!E13),"Correcto","Revisar")) -> Crítico | G19: =IF(Rangos_Métodos!C13=0,0,($B$7-Rangos_Métodos!C13)/Rangos_Métodos!C13) -> -0.38461538 | H19: =IF(F19="Correcto","Dentro del comportamiento esperado",IF(F19="Revisar","Revisar cantidades, unidad y alcance","Posible error o condición especial")) -> Posible error o condición especial
A20: =Rangos_Métodos!A14 -> Asimétrico | B20: =Rangos_Métodos!B14 -> Mediana + percentiles | C20: =TEXT(Rangos_Métodos!D14,"0.0000")&" – "&TEXT(Rangos_Métodos!E14,"0.0000") -> 0.1575 – 0.1698 | D20: =TEXT(Rangos_Métodos!G14,"0.0000")&" – "&TEXT(Rangos_Métodos!H14,"0.0000") -> 0.1528 – 0.2075 | E20: =$B$7 -> 0.1 | F20: =IF(OR($B$7<Rangos_Métodos!G14,$B$7>Rangos_Métodos!H14),"Crítico",IF(AND($B$7>=Rangos_Métodos!D14,$B$7<=Rangos_Métodos!E14),"Correcto","Revisar")) -> Crítico | G20: =IF(Rangos_Métodos!C14=0,0,($B$7-Rangos_Métodos!C14)/Rangos_Métodos!C14) -> -0.38461538 | H20: =IF(F20="Correcto","Dentro del comportamiento esperado",IF(F20="Revisar","Revisar cantidades, unidad y alcance","Posible error o condición especial")) -> Posible error o condición especial
